atm_id,location_type,demand_tier,avg_daily_wd,p90_daily_wd,avg_daily_tx,cv_wd,avg_txn_amount,weekend_ratio,payday_uplift,peak_to_mean,fail_rate
ATM0033,Transit_Hub,High,617349.7619699043,789875.0,165.88372093023256,0.23360891072050957,3721.581349320886,1.041371520217866,1.1015171759586573,2.046308394076266,0.03730795556691764
ATM0034,Transit_Hub,High,436544.439124487,567883.0,99.09575923392613,0.2610997355862582,4405.278717265562,1.0292478188733243,1.1204870006419083,2.4386497790123487,0.005590910973370698
ATM0038,Residential,Medium,237461.5950752394,322093.0,80.515731874145,0.2832662097561268,2949.2571147017347,1.0921175813857877,1.3990216658007897,2.418374220968418,0.03508503661416654
ATM0040,Residential,Medium,176748.0027359781,245288.0,57.78248974008208,0.28701791691570555,3058.8505883188523,1.0969196549382054,1.4073479781358011,2.1503779059260255,0.037950709060347074
ATM0043,Highway,Medium,215445.1053351573,276058.0,65.20656634746922,0.24108444449752647,3304.0400285318674,1.1862488718142838,1.055095006658342,1.9607129126598293,0.04424537406117568
ATM0067,Residential,Medium,261417.42134062928,359667.0,79.62380300957592,0.2962181871913496,3283.1566875697963,1.0689722913965267,1.4524363231709168,2.1598713548026494,0.02331414826904905
ATM0076,Mall,High,270131.4514363885,360984.0,89.41586867305061,0.27999249995235254,3021.068356715573,1.3317824912883214,1.180255609218794,2.1816563634715394,0.004972231996695378
ATM0082,Transit_Hub,High,622206.5294117647,801314.0,166.6922024623803,0.22900404888315606,3732.66727669632,1.028801460648726,1.0830296814993026,2.0290127800387068,0.03804615435118012
ATM0093,Residential,Medium,188601.65937072504,253638.0,55.67168262653899,0.2829171802613872,3387.7485010811874,1.0860538324025304,1.455150677221285,2.1805534552143797,0.032337330450167096
ATM0098,Branch,Medium,209984.79616963063,280272.0,58.18331053351573,0.2679435697128626,3609.02111351453,0.7875988146780197,1.2695615713103743,2.122310796444477,0.02085488573309508
ATM0103,Mall,Medium,177036.57181942544,241974.0,62.16963064295486,0.2696154956820953,2847.637503850724,1.344076054215993,1.1600702058295285,2.4190143064722944,0.021520045768604498
ATM0104,Rural,Low,73051.05471956225,103703.0,22.316005471956224,0.3228079307418827,3273.482559921535,0.9187350424060349,1.6091421925089349,2.564398292661948,0.02200698829154662
ATM0112,Mall,High,309676.28180574556,423980.0,113.29958960328317,0.2884015233845502,2733.2515756683006,1.3305576302881346,1.1446731367848022,2.2075374840260578,0.008693342348651325
ATM0116,Hospital,Low,124890.17783857729,161538.0,37.109439124487004,0.2419136033856685,3365.4558189257937,0.9929424795569082,1.1431928426404965,1.8180693144138018,0.01699413868101891
ATM0123,Branch,Medium,165588.62653898768,223087.0,47.65253077975376,0.26583236814498723,3474.9177814778664,0.8059090780954784,1.2139219390415472,1.878335526424383,0.021387150485158178
ATM0143,Rural,Low,49817.33515731874,69578.0,14.415868673050616,0.31868610944500475,3455.728980831277,0.9535347078890551,1.5860013142356801,2.5257874513489393,0.029037768077434047
ATM0146,Mall,Medium,203711.9781121751,281645.0,55.759233926128594,0.28841398894149983,3653.421393523062,1.3145449999331724,1.1828410240943021,2.1372037326163458,0.026324828263002944
ATM0154,Residential,Medium,204976.4021887825,283359.0,69.6470588235294,0.2889185465727239,2943.0733422375865,1.0988861825556582,1.4337161111841168,2.2559670043096616,0.015320553111250785
ATM0156,Residential,High,288995.6922024624,412204.0,85.4500683994528,0.3086880085997972,3382.041672003074,1.0758069150125782,1.4904907535290328,2.281348884391372,0.03462794569672131
ATM0158,Residential,Low,108965.79890560875,149816.0,35.44596443228454,0.28996670249970086,3074.138358226236,1.0612956260273734,1.461786005150221,2.4106554775737,0.013893713094824591
ATM0172,Residential,Medium,181072.41039671682,253877.0,55.51162790697674,0.2851024420771003,3261.8825500874837,1.0914456127492507,1.4732233289085723,2.2816617898597937,0.01145912910618793
ATM0192,Mall,High,962522.514363885,1300609.0,295.16552667578657,0.2760989289833557,3260.958436454307,1.3306217253004553,1.163142862163796,2.2479546895897364,0.031594412465355985
ATM0194,Hospital,Medium,237191.82079343364,301984.0,75.94391244870042,0.23177508268181987,3123.2499504638386,0.9970589146638701,1.1018159283343514,1.8785386380925964,0.034423128884085386
ATM0201,Highway,Low,94422.56908344734,122067.0,27.432284541723668,0.23971397406812162,3442.023537625293,1.161464492639316,1.0482928908665063,1.8409899422072946,0.018800179524260708
ATM0215,Highway,Low,97651.09712722298,126219.0,31.551299589603282,0.2543398138683142,3094.99445022546,1.1689644128020342,1.0562471773702793,2.123918789461103,0.03672389871661464
ATM0224,Rural,Low,64435.02599179206,94146.0,21.276333789329687,0.3340628680443059,3028.4835080048865,0.904535390395061,1.6157552867956164,2.769021929512808,0.00867999742814891
ATM0225,Mall,High,406098.4336525308,545197.0,134.62106703146375,0.26554671005078595,3016.603883830583,1.3473311158439782,1.138803277583828,2.1082228569552734,0.03213153402162426
ATM0232,Transit_Hub,High,833382.9357045144,1063642.0,219.51573187414502,0.2323591810192957,3796.461094562088,1.0359795231693065,1.1326088035769764,1.8377686107830677,0.004835915396407962
ATM0234,Residential,Medium,133648.01094391244,186677.0,41.172366621067034,0.30586981739118274,3246.0609363059443,1.0954419384085252,1.4872242704251617,2.3358970911360197,0.04392464365219125
ATM0253,Residential,Low,101091.62380300957,139994.0,31.540355677154583,0.2899885768196051,3205.151674184594,1.0816090055390792,1.421747663544447,2.053167138797318,0.031184941013185287
ATM0256,Highway,Low,119227.48837209302,155252.0,37.24487004103967,0.2599346791629718,3201.1787996767794,1.1899182850272525,1.0621147950292615,1.9312660456403257,0.031330345992801
ATM0260,Residential,Low,128569.54172366622,174741.0,37.55813953488372,0.2855299645133605,3423.2138044072117,1.0874217627488465,1.398854672600192,2.20357789412459,0.016463303587688945
ATM0261,Branch,High,352476.46922024625,480203.0,109.16689466484269,0.3181268529469963,3228.7853410358266,0.7407935971816286,1.2315483423013454,2.5144231669155985,0.04641545845290159
ATM0263,Mall,High,447397.66484268126,605882.0,142.26675786593708,0.2659058975421169,3144.780070578959,1.2822051604942286,1.1540762205965465,1.9217891991061988,0.034029827783493755
ATM0277,Mall,High,536647.6634746921,718983.0,172.33378932968537,0.279725614865974,3114.001412967549,1.3596455942815986,1.1639227719582717,2.3068096336887907,0.024052200419127454
ATM0284,Mall,High,383082.82079343364,520279.0,113.84952120383036,0.2697088997667612,3364.81714409305,1.3181949490833946,1.143084713943538,2.443132265919773,0.041141978275497454
ATM0292,Branch,High,315243.89329685364,414010.0,93.80437756497948,0.2525550121651886,3360.652258243281,0.8005475070532299,1.2058991445013993,2.1073810282326906,0.022677225065989997
ATM0293,Rural,Low,30904.15731874145,44865.0,9.459644322845417,0.31698399643179637,3266.947071583514,0.9307806188071013,1.601467937462403,2.4404160004150337,0.03210412147505423
ATM0300,Residential,Medium,136824.69357045143,185979.0,41.503419972640216,0.28814966749109566,3296.7088895481065,1.0808481927750022,1.445769901128242,2.4658926045851097,0.01717261610468374
ATM0001,Highway,Low,112972.71409028728,147591.0,32.054719562243505,0.2628528239270713,3524.3706896551726,1.2093021382152163,1.0619413801189974,1.9353257267526096,0.012973711164219871
ATM0010,Residential,Medium,160973.9658002736,229462.0,53.04924760601915,0.33152283045557757,3034.425049640269,1.0782306875358705,1.476655943427543,2.710910412317482,0.020758658036566183
ATM0013,Residential,High,333534.5266757866,463126.0,102.94664842681259,0.2914287135653486,3239.8774683073325,1.0716648607423642,1.4592299900320342,2.326808584810719,0.03231721901825817
ATM0016,Mall,High,350477.5321477428,475439.0,116.67441860465117,0.279326902251135,3003.8935384398924,1.357344770153029,1.1656405401566023,2.328314728192072,0.005768621979387729
ATM0017,Residential,Medium,176917.94528043777,239918.0,50.6703146374829,0.3046936872934106,3491.550161987041,1.0600777499420175,1.459647499934451,2.3985300039934425,0.01560475161987041
ATM0021,Highway,Medium,154592.35157318742,205045.0,56.175102599179205,0.2655958530418156,2751.9727498538864,1.2213394835618039,1.0570489341478866,2.335270770682905,0.013491135788038185
ATM0023,Rural,Low,107629.49658002736,157664.0,32.6155950752394,0.34421689922102927,3299.9396862679305,0.9522582026693185,1.6087243067513155,2.6237695889437394,0.016357688113413305
ATM0031,Highway,Medium,177872.44186046513,230251.0,60.99589603283174,0.2472600865151612,2916.1378622050775,1.2069427391659757,1.022727491246778,2.0356273080460716,0.04057145420292455
ATM0039,Mall,Medium,225287.68673050616,304535.0,75.12448700410397,0.28612654123902276,2998.8582380362736,1.3400772946781625,1.1454127705656982,2.254543989381833,0.03084711195280064
ATM0042,Hospital,Low,120013.84404924761,154040.0,36.316005471956224,0.22292139932730984,3304.7093833578183,0.9946366350652384,1.0856292701963242,1.9997942895780834,0.020039929182205145
ATM0046,Hospital,Low,98971.11764705883,127118.0,27.028727770177838,0.2438267931145553,3661.700931268347,0.9621474385393074,1.1019224118007869,1.8166208917753188,0.018422917299321794
ATM0058,Residential,Low,88776.62517099864,123506.0,25.870041039671683,0.28405178605390324,3431.638358627254,1.0922602879295376,1.4545342744837764,2.16613325444163,0.02025276294220295
ATM0080,Highway,Low,95359.2804377565,125488.0,29.589603283173734,0.2548949145848123,3222.7292649098476,1.1645877276631134,1.0774199493822796,1.9002869900877712,0.028432732316227463
ATM0089,Branch,Medium,258520.16142270862,340162.0,87.88645690834473,0.27652224813894877,2941.5244454821386,0.7995324120046398,1.2335648079818573,2.3217879669298216,0.01055335045528835
ATM0090,Residential,Low,88188.00820793434,121001.0,24.78796169630643,0.2937748356755294,3557.6950331125827,1.1203853907432186,1.4137725886744628,2.083185727098339,0.033002207505518764
ATM0091,Branch,High,489174.87277701776,650498.0,154.8002735978112,0.27724650598451095,3160.0388126441558,0.788686081371783,1.2381094018554548,2.466347040989474,0.03138062372414037
ATM0096,Residential,Low,118098.7195622435,159189.0,34.97674418604651,0.30306813928369564,3376.4926470588234,1.0944616195672705,1.4144631994661954,2.4259619499854073,0.0294508760951189
ATM0099,Branch,High,326474.56224350206,426683.0,105.53761969904241,0.2753520911514947,3093.4425390159176,0.7896975853274683,1.273026812245427,2.595543720701828,0.027401876911909578
ATM0105,Highway,Low,107409.46511627907,138271.0,36.10670314637483,0.2387514383459517,2974.7790785784646,1.1679189527644802,1.0532542766500201,2.214115857876628,0.025233007501704933
ATM0107,Residential,Medium,232562.99316005473,316389.0,79.36388508891929,0.2728744537390977,2930.337809187279,1.0841268671490716,1.3871147118877114,2.3901524161131036,0.020339567353270707
ATM0114,Residential,Medium,194883.08618331054,273307.0,57.21340629274966,0.3010685358396607,3406.2486191808334,1.0790252352468797,1.4794955803539962,2.1265929646155803,0.025775291107763672
ATM0117,Highway,Medium,154781.00957592338,204052.0,45.56361149110807,0.24872946188856593,3397.0311946437687,1.196469565619285,1.0428749546536573,2.294370614153435,0.007295763653286096
ATM0125,Branch,Medium,220865.35704514364,292932.0,67.3187414500684,0.2695943970074987,3280.889575289575,0.7821239111811373,1.2743397059688055,2.0152549315781743,0.03212761633814265
ATM0130,Residential,High,286193.5512995896,399637.0,90.24076607387141,0.30534564979449014,3171.4441682078645,1.1065003138163394,1.445206106367166,2.1493600998579945,0.040839220204347694
ATM0133,Residential,Medium,188735.04514363885,255068.0,58.5608755129959,0.27479569085364897,3222.886329658008,1.0934250012444189,1.4103647733515645,2.5862128553206394,0.0156746402541581
ATM0134,Transit_Hub,High,354985.58686730504,454483.0,84.68946648426812,0.21533134216416214,4191.614395554694,1.0280054869199085,1.0929446981634603,1.9649980895160832,0.036683465787943396
ATM0137,Rural,Low,52740.74829001368,75098.0,16.19562243502052,0.29964224320033117,3256.4817129825155,0.9678334279105084,1.561026669264386,2.37662536205869,0.026944843314469127
ATM0141,Residential,Low,112597.82489740082,155879.0,38.437756497948016,0.2889178520750589,2929.35475834579,1.0711193436429363,1.4202072666093513,1.9731908693835585,0.010926044558331554
ATM0170,Rural,Low,53188.13679890561,75434.0,17.19151846785226,0.31159459383370314,3093.8591549295775,0.9412695330216475,1.5386569321909807,2.542728663561359,0.03851356727938251
ATM0178,Rural,Low,61280.05061559508,87718.0,18.376196990424077,0.335225767153202,3334.751507481575,0.9506246237976015,1.6022796299190984,2.6347726279277994,0.03543512245961438
ATM0186,Residential,Medium,195848.3638850889,267221.0,59.890560875512996,0.27217776672407495,3270.1040201005026,1.098531508422235,1.4221742624457092,2.168483777833257,0.02811786203746003
ATM0189,Highway,Medium,183124.66757865937,234491.0,53.16279069767442,0.26952227313873384,3444.6022335443363,1.1614338985324772,1.069934899202741,2.3722855350079888,0.03020945911172868
ATM0193,Branch,High,302580.14227086183,408927.0,93.66894664842681,0.28834000662673126,3230.314347470499,0.7845787882233521,1.2861015420228896,2.815670564518878,0.017905129103867275
ATM0211,Residential,Low,91565.80574555404,126805.0,30.522571819425444,0.2815786113833187,2999.9374327716027,1.0500540431491252,1.4555392940772138,2.181327389342589,0.016538185729652204
ATM0223,Residential,Low,104726.47332421341,142811.0,33.411764705882355,0.28057830544985235,3134.419095971176,1.0869277174237277,1.3852238351526218,2.242642118511003,0.015476580412708812
ATM0229,Residential,Medium,232078.10123119014,315831.0,83.93570451436389,0.27610765449284436,2764.950893948531,1.074890919201468,1.451678209873591,2.102705931370384,0.014814935541177045
ATM0233,Rural,Low,51438.86730506156,74138.0,13.812585499316006,0.3090288287498384,3724.0578389620678,0.9261336599003938,1.5409513196181726,2.2082717981782367,0.021194414182430423
ATM0239,Branch,High,465041.2161422709,625685.0,150.4404924760602,0.260120843730761,3091.1971138107883,0.7946118314448085,1.25817143802067,2.0043406211006483,0.020959880696904666
ATM0247,Residential,Low,104770.42407660739,146575.0,31.88372093023256,0.29209566598708664,3286.016218303514,1.0798388798568326,1.4282304062105253,2.2835547542029877,0.024027116316986313
ATM0257,Hospital,Low,130714.83857729138,166899.0,38.14500683994528,0.2435732609462876,3426.787656003443,1.0154749392306373,1.1033873345986327,1.9277229941343166,0.023956390761727155
ATM0268,Branch,Medium,247453.8755129959,335568.0,82.68262653898769,0.28648146004575936,2992.8158534769445,0.7821293336175484,1.281053094745379,2.3398501995560443,0.02169057427904899
ATM0289,Residential,High,291561.9562243502,412194.0,91.30369357045144,0.2999579286038613,3193.320498029756,1.0501052352372897,1.495750155257236,1.9831291005438467,0.021050896723251878
ATM0004,Residential,Medium,191048.1655266758,271383.0,59.667578659370726,0.2956128123149971,3201.8756218905473,1.0937419688163774,1.4479072000217723,2.139214469154035,0.013022445376802623
ATM0035,Residential,High,274447.8071135431,379364.0,90.32421340629276,0.3039073359320425,3038.4743665470187,1.0843120940879158,1.4718294570590593,2.723978769816554,0.03437987489966226
ATM0044,Mall,High,487452.5964432285,660732.0,159.56771545827633,0.27856916055312136,3054.832207400295,1.2917891445801168,1.1506530196182387,2.330682015625116,0.03045163060251706
ATM0052,Branch,High,344967.55950752395,459290.0,102.66757865937072,0.27000740330982104,3360.043784143904,0.7968040210970175,1.2482792669840561,2.1695199428851706,0.026475682878081278
ATM0055,Highway,Low,128120.24076607387,167542.0,41.4172366621067,0.26406754624639495,3093.403884264764,1.181671398986377,1.0296350329922066,1.927837463644574,0.020346148764698112
ATM0060,Branch,High,346417.64432284544,460173.0,99.43365253077975,0.25230358543058906,3483.9074649863796,0.817499369921342,1.2232599481311495,1.895333597350198,0.03469719065569711
ATM0065,Residential,Medium,149745.91792065665,204105.0,49.54172366621067,0.28586544348694115,3022.6222835841504,1.0718641631438457,1.3768319153937347,2.381387118605445,0.004114317271848682
ATM0068,Mall,High,423757.2216142271,562375.0,133.8659370725034,0.26301751355643,3165.534346386527,1.3226779321785287,1.1154437743650276,2.2177911126092,0.02488350228907783
ATM0073,Hospital,Low,134382.84952120384,171978.0,39.444596443228455,0.2282382077117861,3406.876014427412,0.9821417820804955,1.1107684777333604,2.190182758057677,0.034161059859887634
ATM0077,Mall,High,373144.30916552665,509146.0,122.703146374829,0.2801248426497814,3041.0329334641456,1.3160649101413382,1.1810251298387595,1.9247781149501544,0.014292722083481984
ATM0084,Branch,High,441165.81121751026,591021.0,123.53488372093024,0.27927463274368136,3571.18408929837,0.8006238885733714,1.250365631585113,2.297122701333609,0.027252391920623672
ATM0087,Highway,Medium,151255.0629274966,195818.0,49.42681258549931,0.2583159191558855,3060.1824195289364,1.189150203454031,1.0581202788790594,2.0977611847088706,0.040989731809249676
ATM0097,Transit_Hub,Medium,271539.341997264,348009.0,67.5485636114911,0.22436075967294772,4019.912896431609,1.0179336338508882,1.132086836432403,1.7974154183702695,0.024302320871643242
ATM0113,Mall,High,362018.731874145,497117.0,114.72093023255815,0.2936682215780614,3155.6467607111767,1.3286662443050872,1.160311796121048,2.0319224814469754,0.011161326480724055
ATM0127,Transit_Hub,High,424940.1340629275,534157.0,102.50889192886457,0.23619662672918199,4145.397790055249,1.0078730048016908,1.0757842766705557,1.8723060879022089,0.04991058798409267
ATM0150,Branch,Medium,190003.88508891928,255876.0,61.67578659370725,0.26171398792994854,3080.6884773206166,0.7750955989482414,1.2113418948729342,1.987690934968282,0.03258289896861484
ATM0151,Hospital,Low,114879.32284541723,149762.0,32.700410396716826,0.23568522549660798,3513.085048527443,0.9726001500654489,1.0451505089255224,2.191343000330389,0.025267737617135206
ATM0162,Rural,Low,81592.04240766075,117742.0,22.517099863201093,0.32924493185389186,3623.559113001215,0.9319446385332937,1.5555755035880598,2.2708341957450955,0.023207776427703525
ATM0179,Rural,Low,64932.49658002736,91757.0,18.766073871409027,0.2994883763502003,3460.100233270156,0.9241747662730496,1.5868094646656596,2.3461287956523513,0.027263449482431843
ATM0195,Branch,High,287340.19425444596,380264.0,87.92202462380301,0.27483750097939447,3268.125313127227,0.8108465312891754,1.2643278278581829,2.1738796468094024,0.028566538563271147
ATM0202,Rural,Low,90982.91244870042,129273.0,31.848153214774282,0.33090803672290137,2856.7720029208367,0.9544549409548566,1.6068251695359692,3.3404404389820255,0.01778274129118165
ATM0212,Residential,Low,108096.50205198358,148565.0,33.205198358413135,0.2944305152624316,3255.4090141309275,1.103531856800575,1.4723524719218977,2.4283486978493136,0.03901454290775759
ATM0214,Hospital,Medium,194562.43502051983,248905.0,56.470588235294116,0.23049659537858785,3445.376453488372,0.9883276991181659,1.1048547798136115,1.9206225495717566,0.03260658914728682
ATM0216,Highway,Low,74674.9658002736,95443.0,21.27906976744186,0.23845710426585978,3509.315332690453,1.167653392827265,1.0237739422369214,2.1794586479663804,0.014143362262937963
ATM0219,Rural,Medium,169116.7852257182,240249.0,52.6703146374829,0.30241902080526706,3210.855799698717,0.9538567082600677,1.543117510503582,2.4069461789774946,0.05316606929510155
ATM0236,Hospital,Low,135212.54309165527,171597.0,39.864569083447336,0.23096478726970876,3391.797433169761,0.9691346057709461,1.0969418467233238,1.9269440100936894,0.026285988813012594
ATM0237,Residential,High,296827.22982216143,401369.0,95.70725034199727,0.27731565437270983,3101.4079786169636,1.078691007373351,1.4619363997415302,2.523956445804709,0.01469369086075298
ATM0240,Branch,High,296169.0259917921,393759.0,107.87414500683994,0.279454895003545,2745.5051993507154,0.794048971926909,1.2988166770806941,2.317673152016319,0.018425991681038856
ATM0242,Highway,Medium,218630.88508891928,277221.0,73.30095759233926,0.23097503031906505,2982.6470522367167,1.162333812999849,1.0560188121144845,2.1115543662197687,0.030140156392885805
ATM0248,Transit_Hub,High,596610.7865937073,761435.0,139.58823529411765,0.23966830706710082,4274.076431560482,1.0256132731282506,1.1062347338049612,2.0929071817977922,0.018845735454091083
ATM0252,Hospital,Low,109855.46648426812,141556.0,31.046511627906977,0.2362668366484171,3538.4157743996475,0.9600088183181947,1.1062056963998899,1.8633392269952613,0.021017845340383343
ATM0254,Mall,High,290795.75512995897,394439.0,88.49110807113543,0.28488242817370274,3286.1579142640717,1.364858460575692,1.1508579701705224,2.0106930369003924,0.024734490701377402
ATM0262,Hospital,Medium,182878.268125855,230498.0,58.41997264021888,0.20812800837920853,3130.40660344222,0.9984592231370375,1.0913631478316261,1.9120806620902333,0.015993443390703663
ATM0264,Branch,High,339471.41313269496,451162.0,106.85499316005472,0.28160591761183845,3176.935425228201,0.7736730391539495,1.2493501222097378,2.1613543044144317,0.015337148416996326
ATM0285,Residential,Medium,197098.41723666212,273979.0,62.792065663474695,0.3068015964124437,3138.9064072678157,1.0859096110017945,1.4804577778070425,2.1455829322679025,0.040848783250909564
ATM0294,Branch,Medium,187139.6949384405,250073.0,67.09439124487004,0.2797816679842055,2789.2002813685112,0.7856940659343948,1.2642306297505548,2.4014092795642825,0.03150103984015006
ATM0296,Rural,Low,49530.232558139534,72738.0,14.829001367989056,0.3205278406537917,3340.0922509225093,0.9261210513606627,1.5978621729661324,2.6970800075124424,0.008302583025830259
ATM0298,Hospital,High,289083.9822161423,371088.0,95.31053351573188,0.22871903210614994,3033.074850729131,0.9826054412641373,1.1052979533633414,1.863766355609289,0.039743368928694456
ATM0008,Highway,Low,134235.3461012312,175081.0,40.299589603283174,0.2510660514087714,3330.9358090906003,1.1904127617576685,1.0692664791831699,1.8870439668622918,0.01887368885569775
ATM0011,Transit_Hub,Medium,253655.12995896031,332635.0,63.867305061559506,0.2393901562654583,3971.5959474800266,1.067274306939554,1.1038649809503136,1.8308835310176415,0.03332833551095594
ATM0028,Branch,Medium,249940.07250341997,331642.0,82.99726402188783,0.27772033292248677,3011.425442138748,0.795992934294746,1.2631360738671409,2.4193359389848377,0.04097509518550873
ATM0036,Branch,High,364602.33242134063,482783.0,112.55950752393981,0.26007576335566,3239.1962299923434,0.7920578186530619,1.2316644330777284,2.27561352800451,0.009844313997156087
ATM0041,Residential,Low,121255.44049247606,162627.0,37.90560875512996,0.2734928328827825,3198.878595402216,1.073932546727566,1.4387004192824586,2.3414372076576377,0.028979753870583564
ATM0045,Hospital,Low,112160.60328317374,143197.0,32.719562243502054,0.2349247985256177,3427.937160297684,0.9765554834663135,1.062075978809938,2.119175477327856,0.027092566268082617
ATM0048,Mall,Medium,255765.98358413132,342972.0,86.15731874145007,0.2654005774059771,2968.5926549276764,1.3292894956787629,1.1298340554775228,1.9122050287782841,0.03350216732030295
ATM0062,Residential,High,310274.40766073874,428275.0,103.41586867305061,0.29231014031495184,3000.259163723428,1.098243071067016,1.467526162553179,2.358505832038038,0.03232932523777399
ATM0072,Transit_Hub,High,442699.5677154583,569196.0,104.46785225718195,0.2335659205916118,4237.663148521593,1.045016218091496,1.109370949447232,2.092952122771288,0.01067228871487311
ATM0081,Residential,Medium,196946.20109439123,272158.0,57.44596443228454,0.29707386676748515,3428.373133617508,1.129840334597112,1.4779548317732818,2.437279812114488,0.03581549305836687
ATM0083,Hospital,Medium,144037.32831737347,182799.0,45.68673050615595,0.23184709813933332,3152.7169206814983,1.0007195192323664,1.1019236355560673,2.223569429823761,0.030990807557565052
ATM0085,Branch,High,379439.4528043776,507317.0,124.88372093023256,0.2686591694466566,3038.341987074159,0.7905403472016602,1.250422566367308,2.5504675195147106,0.01315587687589002
ATM0092,Residential,Medium,154866.0629274966,215613.0,43.86183310533516,0.288027542238604,3530.7704207341794,1.0806387077738733,1.4586861899224024,2.2104972098391147,0.0264167420391105
ATM0094,Transit_Hub,High,749214.39124487,968933.0,171.6073871409029,0.23033780641705723,4365.86328669935,1.0252470681379164,1.0825464423950872,1.8333550663885556,0.027940531707122643
ATM0118,Highway,Low,116611.82489740082,151903.0,34.707250341997266,0.2418165731378982,3359.8692995940246,1.1771624615601841,1.0367618761732669,1.8856063713389417,0.030034291119782428
ATM0140,Branch,High,505561.560875513,674392.0,160.6361149110807,0.25932545410519264,3147.247187566532,0.8090687974367792,1.1890473638679422,2.06031288889165,0.007647434532680434
ATM0144,Residential,Medium,213949.31600547195,292838.0,59.51436388508892,0.28914686505133047,3594.9189748304793,1.0757299420298145,1.4587884988343391,2.336156101509652,0.026686587748534652
ATM0148,Residential,Medium,147683.86320109438,202913.0,46.28864569083447,0.29485250598568313,3190.4986848715903,1.0917752038223931,1.4451518534133925,2.1506073386469104,0.035582350681206965
ATM0153,Branch,Medium,260327.53351573186,347018.0,77.07250341997263,0.2777902131280435,3377.6966098686544,0.7716881450363062,1.2241896226665063,2.127181833290544,0.022790202342918
ATM0163,Mall,High,375243.7715458276,511915.0,111.92749658002737,0.27382801680552454,3352.561104388956,1.350978117183603,1.1432920672456157,2.585396676947954,0.025849741502584973
ATM0168,Hospital,Medium,151230.44186046513,192845.0,40.77428180574555,0.2556342167400925,3708.9664161578207,0.9929816489415697,1.1194282601981094,2.037777554629782,0.03190632758504999
ATM0174,Rural,Low,54227.463748290014,78081.0,17.72777017783858,0.3164636760155052,3058.899297785323,0.9616819676695193,1.5775958058881425,2.3222919033157083,0.03472490161277876
ATM0175,Branch,Medium,157960.48837209304,205661.0,51.32421340629275,0.27323137288580734,3077.6991577376193,0.7879546719514532,1.1875918362355047,2.6987761584770755,0.014686283917053148
ATM0180,Highway,Medium,251494.16005471957,327560.0,82.60191518467852,0.23924480292828867,3044.6528932463316,1.181137328453469,1.0601023464037616,2.0161422431824163,0.029164320492862113
ATM0187,Transit_Hub,High,580227.2558139535,764150.0,149.9124487004104,0.24580200301193028,3870.440786231818,1.0463470703255298,1.111639863263695,2.0966474563374766,0.019391163104776156
ATM0188,Branch,Medium,248116.86183310533,331762.0,78.37619699042408,0.276192074237709,3165.717033494493,0.771098581138523,1.237498728536148,2.493885322538926,0.05454418515350915
ATM0190,Mall,Medium,261283.0629274966,356252.0,72.04514363885089,0.27545368392612324,3626.657533466249,1.3295896630539652,1.117868651943749,1.9401142742293438,0.009531947213519415
ATM0241,Hospital,Medium,158323.6292749658,205092.0,44.500683994528046,0.24539652219523986,3557.779680295112,1.0047984955207523,1.0978347916668973,2.053521647330051,0.03018751921303412
ATM0244,Residential,Medium,132634.85909712722,183878.0,40.83036935704514,0.29175169979673365,3248.436425771434,1.079767826327445,1.4885411877788397,2.8445840148532406,0.017288169665292993
ATM0249,Transit_Hub,High,388419.6812585499,497793.0,97.05882352941177,0.23237543175130046,4001.8997463002115,1.0643190820062174,1.060334393914286,1.8325281502051385,0.027244538407329107
ATM0003,Hospital,Low,132298.2147742818,170771.0,38.55403556771546,0.22478824998290356,3431.5010822126815,1.005392267297707,1.0691947884466695,1.8315515474899984,0.014618741794698933
ATM0012,Rural,Low,81813.41313269494,119049.0,26.77017783857729,0.3399266317486909,3056.1400684756504,0.9630847182508699,1.6586758753416762,3.121590827481805,0.028105677346824058
ATM0019,Hospital,Low,127981.56224350205,163922.0,41.6922024623803,0.22840884259521813,3069.676214850543,0.9705790856479874,1.1059515113272784,2.028518760429346,0.026314926009777865
ATM0025,Highway,Medium,233635.98495212037,303051.0,69.16689466484269,0.23659818366695762,3377.858527323431,1.1915567369601479,1.0720464463874195,1.820092055113622,0.013350210636656711
ATM0029,Branch,High,288051.63611491106,384887.0,90.46785225718195,0.2601452464134708,3184.02204681546,0.7892469246805082,1.2489009943291398,2.3176955666853813,0.028291901046392065
ATM0050,Branch,High,308725.2051983584,411910.0,89.91108071135432,0.26714854603393096,3433.672499049068,0.7885727230835865,1.217805889768639,2.528261336804354,0.01713198934956257
ATM0056,Highway,Medium,147330.15321477427,195690.0,50.30095759233926,0.24550740138053323,2928.973130269241,1.211018807072507,1.0479143661719816,1.825722665257001,0.03796573293445744
ATM0061,Residential,Low,104687.92476060192,145286.0,31.616963064295486,0.2928239786835306,3311.131576670128,1.0559364602817836,1.4747230772043178,2.1662956880519606,0.0273018345448252
ATM0063,Residential,Medium,208396.12995896031,286867.0,66.71682626538988,0.29729282557684145,3123.5917777322124,1.0710086438852189,1.459085056189027,2.6136953700016656,0.021529628870207096
ATM0100,Rural,Low,86011.99726402189,123600.0,26.19151846785226,0.3236581749035572,3283.963752219785,0.9089017581944817,1.5371091225613065,2.6918570358189777,0.02940561997284028
ATM0106,Highway,Medium,150350.66210670315,194811.0,43.935704514363884,0.2385309121408605,3422.0610268705045,1.1841568812029615,1.0472659535472686,2.269567657492788,0.03337796182706978
ATM0108,Mall,High,412503.2462380301,547705.0,151.91928864569084,0.2712276170842892,2715.278947889746,1.318277876363716,1.167735646129429,2.4123858638091287,0.03513637632481788
ATM0119,Residential,Medium,173454.1901504788,239036.0,53.165526675786595,0.307636629850212,3262.5312114038697,1.1078122238305927,1.4833803125233571,2.4972645493557386,0.030439481268011527
ATM0121,Residential,Low,90344.95759233925,124859.0,31.259917920656633,0.28020659023724254,2890.1213951249397,1.0902202546860247,1.4328859448054831,2.0881298196103932,0.018336177847796595
ATM0132,Rural,Low,115015.24350205198,163822.0,36.60328317373461,0.3198821055619183,3142.2111223231304,0.9698937666372125,1.576318011561986,2.2911571716604557,0.010501924729977203
ATM0135,Residential,Medium,147518.10670314636,201433.0,39.29138166894665,0.2964147234937162,3754.464730868324,1.0573448700575998,1.4259291971395147,2.310563819029343,0.02057656152078546
ATM0138,Residential,Medium,162759.02051983585,226532.0,45.4172366621067,0.28945131974844857,3583.639879518072,1.0715216739738276,1.4810780614415402,2.139309998843136,0.03650602409638554
ATM0149,Residential,Medium,150785.88919288645,202774.0,48.42544459644323,0.27375803522329617,3113.7739766660075,1.0826920759066132,1.4063249146460335,2.4108091409998424,0.02700641261052572
ATM0152,Rural,Low,84491.07660738713,123464.0,24.666210670314637,0.3138867914341028,3425.377239199157,0.9453064918970805,1.6173375905357839,2.2096179560774734,0.022017636293050858
ATM0155,Branch,High,317516.84678522573,424980.0,101.55403556771546,0.27381823766400293,3126.5802979686405,0.7931164286782724,1.2426274695609025,2.2819986005029667,0.016972897246618893
ATM0161,Branch,High,412233.5075239398,553019.0,125.81121751025992,0.26412489705693254,3276.603753479471,0.7958661300807106,1.263322595615498,2.016294126580019,0.01576635351426583
ATM0167,Hospital,Medium,146175.94664842682,187358.0,44.91108071135431,0.24471338006798102,3254.7857752056048,0.999261556378179,1.0671093754261285,2.206108510968693,0.0233323180018276
ATM0184,Mall,High,342355.6511627907,467497.0,98.296853625171,0.27657159983958796,3482.8749704265533,1.3697674216041074,1.104646829157315,2.0989634538216175,0.0348201238605525
ATM0206,Mall,High,461877.02188782487,620401.0,133.15184678522573,0.2754471325331317,3468.7992171286496,1.3352144193113191,1.142990747064933,2.0553090000449394,0.024780652187313786
ATM0213,Branch,High,445052.22024623805,584647.0,123.68262653898769,0.279705046166335,3598.3406295624472,0.8068529127459609,1.2139422147348757,2.329708633801079,0.03948590895013936
ATM0226,Rural,Low,69545.69220246238,98934.0,22.67168262653899,0.31862366385969254,3067.5134857901407,0.9413393320347735,1.6204861100397887,2.683746384415045,0.01973088758824594
ATM0243,Mall,High,342916.8974008208,468498.0,96.0656634746922,0.2808260343533582,3569.6094212804737,1.3622960195301743,1.1577836347302386,1.9936462891792266,0.010181704260651629
ATM0246,Hospital,Medium,166945.72093023255,213040.0,52.103967168262656,0.2413371308742657,3204.088479311069,1.0010689919331432,1.104787569302976,2.128410348106459,0.03147973114891829
ATM0255,Mall,High,426204.75512995897,579110.0,125.23255813953489,0.27358544254930955,3403.306308372931,1.2987579499239637,1.170808949081898,2.2887168391693815,0.028510568572833035
ATM0266,Branch,High,565772.78248974,761419.0,201.2298221614227,0.2989202667495751,2811.5752248485715,0.791725023384115,1.2402625798183382,2.3524178631271213,0.03105391607012964
ATM0271,Branch,Medium,177884.59644322845,239877.0,58.07934336525308,0.30032936277802136,3062.7859430940266,0.7973265121140425,1.2247442515912612,2.685314015665485,0.02190503109101187
ATM0282,Branch,High,297455.31326949387,400497.0,103.6922024623803,0.2722753552477517,2868.6372379582845,0.7949133737417948,1.2856759969411666,2.035536004870202,0.03255979630338131
ATM0287,Branch,High,300440.07660738716,404124.0,102.94117647058823,0.279376402820838,2918.5607441860466,0.7938342191707264,1.2308399084485147,2.1501758596746288,0.037448504983388704
ATM0290,Branch,High,426444.33789329685,569186.0,118.15184678522571,0.28206941888408055,3609.290497748035,0.7894934603914874,1.2148726102831862,2.425943805727949,0.029072931260058586
ATM0295,Hospital,Medium,129312.3926128591,163997.0,48.85499316005472,0.24560995400739782,2646.861339008204,0.9520281496886669,1.0765238448080225,2.32078298093571,0.028141013076470753
ATM0297,Rural,Low,92501.27496580027,133011.0,32.71819425444596,0.3139582458577843,2827.2121085420413,0.9245816319022846,1.575892688783133,2.316119427318279,0.032696408412426305
ATM0007,Highway,Low,116716.52393980848,150598.0,43.57045143638851,0.24065884757716874,2678.7999686028256,1.2111976884998752,1.0633151428836363,1.9844319568619604,0.039968602825745686
ATM0014,Hospital,Low,83890.03556771546,109264.0,25.492476060191517,0.2295063034644755,3290.7762811913067,0.9676700532656713,1.0992786044861877,2.0843595883191233,0.03402200160987389
ATM0030,Residential,Medium,142559.46648426814,197076.0,46.16279069767442,0.29315849476489547,3088.1899540672694,1.0468965223040552,1.487113173951778,2.418801139649693,0.04308786486886946
ATM0032,Rural,Low,47000.99589603283,67719.0,14.099863201094392,0.32692189997093524,3333.4363054234987,0.950214470400287,1.5850712907200089,2.5125212295760653,0.04618220626758514
ATM0037,Branch,High,532302.3926128591,723485.0,177.83857729138168,0.2826081265629211,2993.1773,0.7839915677643856,1.290027485127201,2.0233630638277567,0.02423846153846154
ATM0047,Transit_Hub,High,477205.82352941175,612760.0,111.71272229822162,0.23038424525023377,4271.723163772624,1.027653076791457,1.1262072207766596,1.8360400414225013,0.01943376356199946
ATM0049,Residential,Medium,145826.7906976744,204844.0,42.309165526675784,0.2937941072768132,3446.695033626487,1.0842339651201487,1.5039341658844496,2.4801135530013947,0.022342214174857735
ATM0054,Residential,Medium,203239.41723666212,276763.0,61.42544459644323,0.28385162113302076,3308.717072736181,1.1082031773152234,1.4552250094525678,2.1343792749359896,0.013874660371475658
ATM0057,Residential,High,320309.195622435,446450.0,93.16963064295486,0.3014377321528279,3437.9141938420426,1.0763097381652451,1.4016386656013125,2.4446535119866355,0.008956494927100005
ATM0059,Branch,Medium,228278.29138166894,308204.0,64.35020519835841,0.2668325023562523,3547.4368835034015,0.7600159584910899,1.2250692503932852,2.001968725251718,0.02427721088435374
ATM0071,Mall,High,283596.7482900137,379313.0,92.89466484268125,0.2801413993286698,3052.8852089653346,1.3348259261035886,1.119169383931105,2.0750061612068267,0.01778929696933997
ATM0075,Branch,High,394161.00410396716,536022.0,141.50341997264022,0.273187021509912,2785.5228105453457,0.7992106450660283,1.229776111174546,2.104528330715329,0.02230299983565193
ATM0079,Residential,Medium,139531.55266757865,192921.0,42.2749658002736,0.3269028168275638,3300.5716273500952,1.0703745264053874,1.4641830122553692,2.5036702689912254,0.023266349545351585
ATM0086,Branch,High,375221.17920656636,491975.0,138.43502051983583,0.26476627066244707,2710.449839914621,0.8184655617254629,1.2740486796402515,2.049519170602676,0.02243171666864303
ATM0095,Mall,Medium,223106.40902872776,298921.0,72.0875512995896,0.280430905452632,3094.9367124639443,1.3110449666973034,1.1306837676026862,2.1764233583154318,0.023948686807347807
ATM0101,Rural,Low,79745.81532147742,113597.0,24.745554035567714,0.30241960696878445,3222.632041572226,0.938541787708236,1.5828816931239824,2.4799671205660956,0.03820001105644314
ATM0110,Rural,Low,78696.84404924761,113629.0,26.0,0.34959030571369654,3026.801694201831,0.9103656292081992,1.6343183023061085,2.9684417821610656,0.02988529937914343
ATM0120,Residential,Medium,244388.92476060192,337211.0,72.65253077975376,0.30363427415488725,3363.804703534241,1.1055579489386145,1.4493784498952464,2.3734136093449845,0.014178387843868271
ATM0124,Transit_Hub,Medium,208301.68125854994,265198.0,52.03830369357045,0.2117729906165071,4002.8530231335435,1.0267312903871275,1.1012591562306537,1.9498018333125158,0.023501577287066245
ATM0128,Branch,High,297615.0588235294,395192.0,93.20246238030096,0.27121660642621387,3193.2102567113357,0.7971219780362541,1.2354740152066044,2.051065569104663,0.02179624546828903
ATM0142,Residential,Medium,210418.09849521203,290293.0,69.42681258549932,0.2805147776861773,3030.7901322141433,1.0660867151417555,1.410531775072486,2.5689567763692156,0.02693542984374692
ATM0157,Mall,High,350960.81395348837,475866.0,110.95212038303694,0.2751818689647401,3163.1735629916407,1.3567018555715673,1.1562649385053707,2.0212341999355257,0.01568318003600227
ATM0159,Highway,Medium,185755.14774281805,242155.0,58.09165526675787,0.24474496585633382,3197.6218768397503,1.1792448683757444,1.0593910779409486,2.0253328350333475,0.027128223242670436
ATM0165,Residential,High,362165.4610123119,496377.0,126.0218878248974,0.2949291273039913,2873.829834350101,1.0712458794906319,1.4568983786108392,2.7809802657182727,0.031892490393174266
ATM0182,Rural,Low,51454.83720930233,72291.0,15.024623803009575,0.3054872247238165,3424.700537193845,0.9273199340239116,1.540647463508233,2.4581556732072105,0.02066830556314304
ATM0191,Rural,Low,71232.0779753762,105050.0,21.012311901504788,0.32616919979003156,3390.0162109375,0.9484957413595578,1.5746014402992539,2.5313735766957692,0.0396484375
ATM0196,Branch,High,336843.16552667576,445225.0,100.69083447332422,0.27599887638096754,3345.3210243869303,0.7960027094778527,1.2307370815407113,2.258611953163556,0.01631682630256097
ATM0197,Residential,Medium,175905.26402188782,239389.0,54.73734610123119,0.2906891428571766,3213.6242721115636,1.0932530585037707,1.4700909276840717,2.593231092522847,0.02674130907455077
ATM0198,Hospital,Low,134206.96169630642,176391.0,36.32694938440493,0.25188055500529766,3694.418715872717,0.9666177301080627,1.084948397124053,2.1438157630828654,0.022067407267934474
ATM0199,Branch,Medium,210914.10670314636,282368.0,64.88372093023256,0.2770411006638666,3250.64752266498,0.8257339323116126,1.250719207738393,2.0770445696957496,0.03508328062407759
ATM0200,Mall,High,453298.5143638851,626105.0,145.38850889192886,0.2943792982928867,3117.842791144064,1.3617507782458744,1.1899996986930907,2.354547756455286,0.03763678619482683
ATM0205,Branch,Medium,251695.39261285908,337405.0,79.38850889192886,0.2673307214158994,3170.4259990005685,0.7807573371533534,1.2506074286145756,1.808169769321191,0.04587045301811039
ATM0220,Transit_Hub,High,546197.8194254446,702115.0,130.09028727770178,0.23746811087043523,4198.605682678556,1.0495899139453275,1.1139048573638668,2.1125770901352054,0.028371330024396398
ATM0221,Mall,High,319670.40218878246,436872.0,102.84404924760602,0.2934314120505532,3108.302371672941,1.345220806200972,1.161076394810242,2.2291647744703393,0.0381755543436332
ATM0227,Branch,High,368510.47469220246,489446.0,117.53351573187415,0.27714427397140584,3135.3650267118264,0.7897527933961508,1.2214191013556956,2.612232395304472,0.03227533549821339
ATM0228,Residential,Medium,205947.58002735977,282069.0,64.91792065663475,0.27879340859219476,3172.430323464335,1.1031727062097836,1.4192999412293674,2.005490911547153,0.03986934991044147
ATM0231,Branch,High,383748.097127223,522821.0,104.24897400820794,0.2818934477934233,3681.0731307246147,0.7665522453828686,1.305519360733262,2.365895770680535,0.02489305304044301
ATM0238,Highway,Low,109235.95348837209,143700.0,37.12175102599179,0.25393347346290274,2942.6401090801887,1.1764522252450347,1.0862814127870366,1.8891124525403298,0.01577240566037736
ATM0250,Residential,High,268770.3885088919,381502.0,85.88235294117646,0.3068118309884524,3129.5182223638103,1.0744818470405855,1.4312309534793481,2.226420861761722,0.03220770946161198
ATM0259,Branch,High,300388.3734610123,405614.0,106.28727770177838,0.275775482538389,2826.193124485173,0.8188350217425231,1.2707255035792473,2.571517635985527,0.018726832784184515
ATM0275,Residential,Medium,185843.64021887825,260075.0,57.277701778385776,0.3003965128313412,3244.607141151182,1.1066532929766697,1.4973002453853035,2.266658140703001,0.036135657989013616
ATM0279,Hospital,Medium,135600.66210670315,172257.0,47.44049247606019,0.23036352025043677,2858.331670463393,1.0253043285551087,1.121011426408422,2.0765385332589807,0.012312927131693532
ATM0286,Transit_Hub,High,342227.21477428183,440030.0,82.20519835841313,0.25987747785003795,4163.084836583905,1.0148115466537444,1.0831191439060182,2.1674810417670605,0.02040205018970911
ATM0005,Branch,High,466091.2284541724,624978.0,126.703146374829,0.28193012573996507,3678.6081623839345,0.8042386889406179,1.2876452670064775,2.9547734776463623,0.030986827898941912
ATM0006,Rural,Low,29217.463748290014,41725.0,8.384404924760602,0.3259337508602629,3484.739109153206,0.9617247498916172,1.5785081924444107,2.9813333816525414,0.041116005873715125
ATM0020,Residential,High,284275.0437756498,391303.0,82.5718194254446,0.2856823486802733,3442.7610503644796,1.07540715369843,1.4298159040059122,2.219417475485209,0.029058979456593772
ATM0022,Transit_Hub,High,875472.0820793434,1127208.0,240.0123119015048,0.22657926027191785,3647.6132209359985,1.0676208729677144,1.1051060163758941,1.9959459996139943,0.034340463610507896
ATM0024,Rural,Low,85383.97400820794,123308.0,29.79890560875513,0.32655602922903826,2865.339255382638,0.9715917369816525,1.6420457376666764,2.6120826840240556,0.03236468805949594
ATM0026,Branch,High,323539.05471956223,429963.0,106.05608755129958,0.2699701601360665,3050.6410540843835,0.7912310543835959,1.204481825752979,2.020399053729684,0.02222451533014305
ATM0051,Branch,High,422930.2749658003,569364.0,121.06019151846785,0.2749856333275333,3493.5536583987796,0.798555248946425,1.277904783213696,2.1507304013020927,0.026995875473190576
ATM0069,Branch,High,307286.68262653897,413859.0,88.73050615595075,0.25715005531538504,3463.1458326909437,0.8020304613660119,1.2944698054791979,2.2323355966379133,0.01934877123739632
ATM0070,Residential,Medium,200163.5266757866,276308.0,57.91792065663475,0.29086535546819137,3455.9860645283197,1.104873380490569,1.4628723507467298,2.7610874427446594,0.03975152345410742
ATM0074,Mall,High,454501.98905608756,604342.0,142.99316005471957,0.26800724709472645,3178.4876205418645,1.3079850505095483,1.1174753500794823,2.3664714916512066,0.014646793203734885
ATM0102,Residential,Low,110481.65663474692,150235.0,37.5499316005472,0.284495228664137,2942.2598637473134,1.115222975789611,1.4710244441820133,2.44846075122052,0.03810703486465809
ATM0122,Residential,Low,114505.49794801642,156903.0,35.5608755129959,0.29179481142566416,3219.985343335257,1.0332434175279201,1.463520381599165,2.239473253209342,0.03162146566647432
ATM0126,Residential,Medium,237627.0027359781,329955.0,73.66621067031464,0.28049720398159045,3225.725886722377,1.109368134262129,1.4504153802315307,2.155398982871793,0.037400185701021355
ATM0129,Branch,High,406968.19425444596,541009.0,138.23666210670314,0.2635584407176463,2943.996100978714,0.8059236108367793,1.2240389688223512,2.1346238164667324,0.028262956328982396
ATM0131,Branch,Medium,271632.52804377564,364549.0,84.28317373461012,0.27748112995123625,3222.8559510477025,0.7880664169504061,1.2506692621021664,2.259629965602217,0.019152424080115565
ATM0136,Branch,Medium,167466.5266757866,222686.0,52.27222982216142,0.27226812364335606,3203.7379550391247,0.7869304520878772,1.2094790640959798,2.210871672980919,0.019392321582790296
ATM0139,Highway,Medium,167749.05061559507,213391.0,49.60054719562243,0.23510575713630638,3382.0,1.1686008604003484,1.0428879455247198,2.087320308014,0.028793645540294555
ATM0145,Residential,Medium,175207.85909712722,241119.0,51.224350205198355,0.2690336118076584,3420.40178929096,1.1063053603127437,1.4501868167401093,2.1010872565706498,0.02368807584457204
ATM0160,Highway,Low,113144.79343365254,150032.0,30.10123119015048,0.2605546289030291,3758.809489183785,1.2079047446826912,1.0680601444123592,2.1606827197343006,0.03581167060534448
ATM0166,Transit_Hub,High,986895.8207934337,1262630.0,292.3638850889193,0.23158425440139271,3375.5736297363815,1.0579412002753792,1.0698463170863324,2.1662560069220067,0.0395193666420236
ATM0173,Mall,High,442703.8946648427,605424.0,131.99726402188782,0.2718548277280984,3353.8869001969115,1.3654832407013784,1.1448057112781174,1.8952306724909218,0.029681832314229453
ATM0177,Residential,Low,124337.57455540355,171857.0,40.207934336525305,0.28766991891405075,3092.364146706587,1.0900488703480895,1.466903857264659,2.3084091918819434,0.016671203048448557
ATM0183,Residential,Medium,204347.9220246238,282309.0,64.01504787961696,0.2911781885522428,3192.1857249706163,1.1086496476303245,1.420785315899674,2.0797764703904744,0.01525804038893044
ATM0185,Highway,Low,115383.74829001368,152407.0,40.707250341997266,0.25825749269990717,2834.4765937426487,1.179811440683002,1.0425430530088264,1.9266058114289888,0.022045233054407365
ATM0204,Branch,High,321045.07387140905,438243.0,95.17236662106703,0.268344516688987,3373.30136119935,0.7966014641991876,1.2821596038394247,2.3575723834440843,0.02061203662445559
ATM0209,Branch,Medium,147657.96169630642,197329.0,42.60328317373461,0.272193232416536,3465.882220723758,0.8031481766564244,1.273208307457508,2.1615089110903236,0.022765950614905436
ATM0217,Branch,Low,98814.75786593708,131304.0,29.707250341997263,0.2824685461842899,3326.284214404126,0.7697073244604206,1.2642834884326526,2.2993731392659047,0.018143304475962425
ATM0222,Residential,Medium,214599.804377565,296154.0,73.85909712722298,0.2980044240895993,2905.52975495916,1.0990635768364236,1.4551473971335964,2.2560085802697665,0.018540127058213406
ATM0230,Branch,Medium,221298.50068399453,294887.0,67.37482900136798,0.2577527908370037,3284.587196199062,0.7932868112028745,1.2385068396664136,2.1162095475230256,0.027877606546059978
ATM0235,Rural,Low,113975.16415868673,160950.0,35.05608755129959,0.2931722028543802,3251.223171778662,0.9432641510363307,1.566319368416296,2.836854874363934,0.021423554202762818
ATM0265,Rural,Low,80227.61285909712,118252.0,25.62517099863201,0.3313713523040313,3130.8127802690583,0.9309665219868837,1.5868660584006933,2.548436787706523,0.0188447576339953
ATM0267,Mall,High,383947.60601915186,520163.0,136.38303693570452,0.2897453676646824,2815.215254373295,1.3537773768021186,1.1274746584931137,2.3003529287689943,0.024755255978173647
ATM0269,Branch,Medium,215216.77291381668,283838.0,64.63064295485636,0.26913223778687295,3329.949433802519,0.7739891555598655,1.243148877441998,2.135558459395958,0.028214625886337177
ATM0270,Branch,Medium,193912.7004103967,256450.0,58.39261285909713,0.27277429213218146,3320.843012767951,0.8145659427507672,1.1969851970827838,2.4988048692762193,0.017359728241771115
ATM0276,Transit_Hub,High,353257.15731874143,464094.0,85.48837209302326,0.2598306307697473,4132.2246367535045,1.0284230657076723,1.0892099948883687,2.1535105071164544,0.037396786788708954
ATM0280,Hospital,Low,114084.42270861834,144346.0,37.3734610123119,0.22502373196917513,3052.551720351391,0.9801002602916038,1.110514139191581,1.8149015885264987,0.03616398243045388
ATM0283,Mall,Medium,238497.06703146375,326103.0,82.60738714090287,0.2646302328516046,2887.1154903454444,1.327152974745533,1.137813059682976,2.003835963051704,0.017537177491471535
ATM0288,Transit_Hub,Medium,278713.63337893295,359177.0,63.53077975376197,0.24742582220634293,4387.064576559505,1.0236701711833762,1.0957484695806627,1.9483008183590524,0.02237247259964256
ATM0291,Hospital,Low,132039.38850889192,166727.0,36.99726402188782,0.225729578086952,3568.8960251432795,1.0230750483850188,1.1237775656364979,1.890950895938039,0.02850804215196894
ATM0002,Residential,Medium,176275.8755129959,244670.0,56.303693570451436,0.2874540529953641,3130.804825307352,1.1061956630767713,1.4387791455262828,2.5569863073337546,0.019510180280868848
ATM0009,Branch,High,310452.38166894665,413690.0,91.40902872777018,0.2673924472692376,3396.2988775815625,0.799925840240376,1.2834775363729254,2.0574620705636257,0.032639928165219996
ATM0015,Residential,Medium,245296.7756497948,334723.0,80.03009575923393,0.2917214580005594,3065.0566305425455,1.1060863272132127,1.4509941666667958,2.701331879494496,0.018119038665344773
ATM0018,Branch,Medium,190814.70177838576,256560.0,58.214774281805745,0.2933514594137578,3277.7710492304077,0.7807366941083514,1.2000020419918067,2.335323200187902,0.03040770767242392
ATM0027,Residential,Medium,244908.15458276332,333836.0,76.8796169630643,0.2818055358787459,3185.6058114913076,1.1034790815713753,1.4171267148445623,2.3043985650926144,0.03745618249435043
ATM0053,Highway,Low,56423.128590971275,74146.0,17.904240766073872,0.24743162515887068,3151.383481051345,1.2077292108659363,1.0436020089332145,1.9412783859264278,0.032625305623471886
ATM0064,Highway,Medium,172401.43365253077,226430.0,51.83857729138167,0.25041011012831327,3325.7362115374467,1.1924238785894343,1.0348583299581737,2.067111580511898,0.027418588694780175
ATM0066,Residential,Medium,243356.69630642954,335068.0,72.11217510259918,0.3020362165474399,3374.696380468187,1.1095377349578819,1.4366747800878956,2.256490198685738,0.012994650377508821
ATM0078,Residential,High,308665.08618331054,433334.0,85.93570451436389,0.29459077599557126,3591.8142281793725,1.0931390748314997,1.4860116328787054,2.184432351378965,0.0321240389054267
ATM0088,Residential,High,415961.6019151847,570751.0,120.74418604651163,0.2944916469030213,3444.9824503761442,1.0771825997055662,1.4600963654152912,2.818827494175964,0.0313944530046225
ATM0109,Branch,High,357136.0683994528,475404.0,104.64021887824897,0.28345654237463286,3412.9904565183288,0.7932587139904558,1.2526153078815179,2.004460101742826,0.0050854991371646705
ATM0111,Residential,Medium,218126.02735978112,302827.0,69.3529411764706,0.30073461995423284,3145.1590034913306,1.0789496312951175,1.446396777230921,2.6031556475533923,0.010079491883148904
ATM0115,Branch,High,370194.05745554034,494905.0,104.99042407660738,0.2898456601388035,3525.9792567884506,0.8071039875471385,1.2851302215609282,2.261951490403288,0.020599885339031634
ATM0147,Transit_Hub,High,648559.7222982217,823621.0,168.1668946648427,0.2301151294331206,3856.6432685268037,1.0501517892558678,1.0989565345793093,1.9918104001623447,0.028227446514276416
ATM0164,Branch,High,317319.1874145007,414157.0,96.13679890560876,0.2669335190806208,3300.7047356138655,0.7861032462512463,1.2208070306996872,2.271785093973355,0.02981103079287381
ATM0169,Mall,High,571415.6073871409,767747.0,161.96306429548562,0.27107552069761076,3528.0612272477724,1.3351118232587873,1.1592319411842706,2.108920345228776,0.0188014696566578
ATM0171,Mall,High,447938.1641586867,612826.0,137.43228454172367,0.2788336799869952,3259.3372485392633,1.304390451525804,1.1806475298032255,2.216611754581941,0.03232035674825558
ATM0176,Branch,Low,133739.20793433653,180273.0,38.16415868673051,0.30002066038037434,3504.314323607427,0.7731503172039754,1.2632840391591322,2.1344525992718273,0.044483475517958275
ATM0181,Rural,Low,105290.42544459645,152790.0,30.181942544459645,0.31701969595550555,3488.523818157096,0.9440726175301769,1.575113788433894,2.4906443192025143,0.02066808684222454
ATM0203,Residential,High,264686.9288645691,355393.0,94.4829001367989,0.2758290757846035,2801.426802959445,1.0898564964365953,1.412325763268911,2.404153475692019,0.028653336615170777
ATM0207,Branch,Medium,248826.49384404926,332742.0,71.1983584131327,0.27315241831303383,3494.834703915767,0.788556816374466,1.2009767311390485,2.615581604456887,0.037332359835530106
ATM0208,Residential,Medium,251231.00820793433,351358.0,78.4281805745554,0.29879437164631606,3203.325722558476,1.0799212798604785,1.5043483490222773,2.1485803199628783,0.018837975964138075
ATM0210,Residential,Medium,164158.9808481532,221921.0,54.25718194254446,0.3010774437722241,3025.5714537844788,1.0659011639362699,1.477507719014703,3.3886479870056903,0.027129242095708737
ATM0218,Branch,Medium,229942.00683994527,308747.0,84.89603283173734,0.28743694096788736,2708.5129795839443,0.8152136147765139,1.22954824059472,2.4028189002655025,0.034112699205594676
ATM0245,Residential,Medium,156591.12038303693,216722.0,44.4172366621067,0.29685591497248226,3525.458406480027,1.0612869586487115,1.483711428418298,2.3334145582854,0.02078906033447288
ATM0251,Residential,Low,79811.50615595076,109959.0,23.34610123119015,0.29194792625158217,3418.6224657213174,1.096570975402389,1.4472339323482506,2.369708443171617,0.015176374077112387
ATM0258,Branch,Medium,265081.27359781123,350723.0,77.69767441860465,0.26011533409866316,3411.701515925137,0.8046255636901961,1.2389315083100674,2.025676852657289,0.04207968730742821
ATM0272,Branch,Medium,202459.5540355677,270141.0,70.68673050615595,0.27485565557334113,2864.1804845951388,0.7920621133316509,1.2037569234843568,1.9861942397114813,0.02121071373277597
ATM0273,Branch,High,277005.0205198358,371732.0,102.87551299589603,0.276272304437388,2692.623467460972,0.771664049773965,1.2253343783532802,2.1782312785077953,0.021595170341214328
ATM0274,Residential,Medium,203264.68125854994,284101.0,57.031463748290015,0.3018469675144233,3564.079683377309,1.0631051843897146,1.46785535296985,2.1268476024622482,0.02789637802830415
ATM0278,Residential,Medium,236779.64295485636,330398.0,77.20246238030096,0.30362720377063546,3066.99599539293,1.074115727847766,1.4974222690414987,2.6834739341217007,0.011942943209001506
ATM0281,Branch,High,334608.1231190151,453914.0,88.3625170998632,0.2813251107666141,3786.7654080163484,0.7854042444313505,1.2805720551034743,2.622183800624352,0.025405229668849567
ATM0299,Highway,Low,85150.66210670315,112501.0,30.32421340629275,0.24858677766437914,2808.0089321965083,1.1975554694310402,1.0639279676716442,2.039349967501074,0.01227049217305003
